tar_name,filepath,hash
timeseries_png_b7c82338,3_visualize/out/timeseries_AK.png,15f05df5099126b1
timeseries_png_5345a57b,3_visualize/out/timeseries_AL.png,5149c5c76d169741
timeseries_png_e4e067f5,3_visualize/out/timeseries_AR.png,3677e4161cc53dbd
timeseries_png_914db1d8,3_visualize/out/timeseries_AZ.png,833734a95a6be10f
timeseries_png_f49672b7,3_visualize/out/timeseries_CA.png,284c9435be9a1a46
timeseries_png_06634f45,3_visualize/out/timeseries_CO.png,c53f9b246baaee8e
timeseries_png_f4ee11e8,3_visualize/out/timeseries_CT.png,0bfbcfb7b2a437c3
timeseries_png_d60d9795,3_visualize/out/timeseries_DC.png,ef8a0f2af8430c27
timeseries_png_b2a10610,3_visualize/out/timeseries_DE.png,78c08df52e08d19e
timeseries_png_8585586c,3_visualize/out/timeseries_FL.png,1366ed7a366471d3
timeseries_png_3d55db1e,3_visualize/out/timeseries_GA.png,c86e9f9683b43235
timeseries_png_437acead,3_visualize/out/timeseries_GU.png,4b1697b43a3b2de6
timeseries_png_b7cca3a7,3_visualize/out/timeseries_HI.png,647143d476d7c63e
timeseries_png_441413ca,3_visualize/out/timeseries_IA.png,6f95f4bdeaf0067e
timeseries_png_49ba3f51,3_visualize/out/timeseries_ID.png,4d03dd42e8d43428
timeseries_png_faa56201,3_visualize/out/timeseries_IL.png,36bdb8528655c4e9
timeseries_png_ad17bddc,3_visualize/out/timeseries_IN.png,ff102ac93a1f75fe
timeseries_png_3a48279e,3_visualize/out/timeseries_KS.png,37dcce9673451aec
timeseries_png_d2a9873d,3_visualize/out/timeseries_KY.png,613a67c1ca9667e7
timeseries_png_7b1d9c1f,3_visualize/out/timeseries_LA.png,56123f17fae3bb3d
timeseries_png_5345cb59,3_visualize/out/timeseries_MA.png,3e580fec9dd5a2c0
timeseries_png_d12d4962,3_visualize/out/timeseries_MD.png,f83b4bd0c1dfe172
timeseries_png_b0fd8a03,3_visualize/out/timeseries_ME.png,ced88e50a19b153e
timeseries_png_f341b3c3,3_visualize/out/timeseries_MI.png,050b98c96047b532
timeseries_png_aa97f20b,3_visualize/out/timeseries_MN.png,02d9ed200cad4ce3
timeseries_png_1ba08607,3_visualize/out/timeseries_MO.png,88a52fa413787f53
timeseries_png_0493e22c,3_visualize/out/timeseries_MS.png,3adb47f7f30a5d0f
timeseries_png_90ca43c5,3_visualize/out/timeseries_MT.png,c42a867ebf77d332
timeseries_png_f13f2022,3_visualize/out/timeseries_NC.png,e8210c136e47a556
timeseries_png_ad747b3b,3_visualize/out/timeseries_ND.png,d72b5972c4b8853c
timeseries_png_a06d6f39,3_visualize/out/timeseries_NE.png,a560084613fb0bd4
timeseries_png_16f11898,3_visualize/out/timeseries_NH.png,2de486bd5220285c
timeseries_png_97ec37a1,3_visualize/out/timeseries_NJ.png,ba90c95b3f716311
timeseries_png_940f3333,3_visualize/out/timeseries_NM.png,1fbd85b76099cb4e
timeseries_png_8b8abe6a,3_visualize/out/timeseries_NV.png,d5e70de1f3776a2b
timeseries_png_617eb669,3_visualize/out/timeseries_NY.png,105c5ba109564ccf
timeseries_png_697eed8a,3_visualize/out/timeseries_OH.png,7891989332ec0f28
timeseries_png_a6e786cf,3_visualize/out/timeseries_OK.png,c46eb374a2d81351
timeseries_png_5872e425,3_visualize/out/timeseries_OR.png,ecf911aff875d537
timeseries_png_f2b13cee,3_visualize/out/timeseries_PA.png,eaf714784c81d1ba
timeseries_png_a6ed9bb9,3_visualize/out/timeseries_PR.png,866a2d5826a85408
timeseries_png_f9d8ceee,3_visualize/out/timeseries_RI.png,9d2f540c2ac30a19
timeseries_png_18e73a31,3_visualize/out/timeseries_SC.png,2f7172cf00194d54
timeseries_png_d45bced4,3_visualize/out/timeseries_SD.png,d065fab18fe6f588
timeseries_png_c6e0d8cd,3_visualize/out/timeseries_TN.png,2ecba00c21e4a0ea
timeseries_png_f97266ba,3_visualize/out/timeseries_TX.png,01f66a6d307c64d1
timeseries_png_9b6a72e7,3_visualize/out/timeseries_UT.png,de8434f5fe34cf9c
timeseries_png_dd8bb1d2,3_visualize/out/timeseries_VA.png,38ae38853f740f6f
timeseries_png_9b1342a7,3_visualize/out/timeseries_VT.png,9940a0f4cc9e9b5b
timeseries_png_0a8542dd,3_visualize/out/timeseries_WA.png,38ed5d8be8b4375a
timeseries_png_23beca66,3_visualize/out/timeseries_WI.png,0ffe241eadc25c5d
timeseries_png_d19d3d95,3_visualize/out/timeseries_WV.png,868b08e97853a6c3
timeseries_png_ea8fa9e9,3_visualize/out/timeseries_WY.png,2b5754d7f8ec1d6a
